{"companyCD":"CD001","companyName":"CPB","pdf_x_size":595.32,"pdf_y_size":841.92,"numPage":3,"splitResult":["{'labelledFileName': ['sample_invoice_1_1_imagegrid_Grey.png'], 'FieldInfoDictCoor': [{'invoiceNumber': [(82.78331318016929, 478.7317657118427), (163.76698911729142, 510.7671996579735)], 'invoiceDate': [(447.3898186215236, 477.2919709277469), (565.4460217654172, 512.2069944420692)], 'grossAMT': [(292.98094316807743, 199.05162890123984), (563.2864570737606, 215.9692176143651)], 'companyAdress': [(50.02991535671101, 665.9050876442924), (280.7434099153567, 698.3004702864472)], 'TableLeft': [(56.86853688029021, 448.1361265498076), (566.5258041112455, 471.89274048738775)], 'topVerify': [(331.13325272067715, 704.7795468148781), (562.2066747279323, 826.8021547669945)], 'botVerify': [(55.42882708585248, 88.18743052586575), (280.7434099153567, 108.3445575032065)]}]}","{'labelledFileName': ['sample_invoice_1_2_imagegrid_Grey.png'], 'FieldInfoDictCoor': [{'invoiceNumber': [], 'invoiceDate': [], 'grossAMT': [], 'companyAdress': [], 'TableLeft': [], 'topVerify': [], 'botVerify': []}]}","{'labelledFileName': ['sample_invoice_1_3_imagegrid_Grey.png'], 'FieldInfoDictCoor': [{'invoiceNumber': [], 'invoiceDate': [], 'grossAMT': [], 'companyAdress': [], 'TableLeft': [], 'topVerify': [], 'botVerify': []}]}"],"labelledIndexPage":[0],"CoordinateForSplitting":{"page_0":{"invoiceNumber":[[82.7833131802,478.7317657118],[163.7669891173,510.767199658]],"invoiceDate":[[447.3898186215,477.2919709277],[565.4460217654,512.2069944421]],"grossAMT":[[292.9809431681,199.0516289012],[563.2864570738,215.9692176144]],"companyAdress":[[50.0299153567,665.9050876443],[280.7434099154,698.3004702864]],"TableLeft":[[56.8685368803,448.1361265498],[566.5258041112,471.8927404874]],"topVerify":[[331.1332527207,704.7795468149],[562.2066747279,826.802154767]],"botVerify":[[55.4288270859,88.1874305259],[280.7434099154,108.3445575032]]},"page_1":{"invoiceNumber":[],"invoiceDate":[],"grossAMT":[],"companyAdress":[],"TableLeft":[],"topVerify":[],"botVerify":[]},"page_2":{"invoiceNumber":[],"invoiceDate":[],"grossAMT":[],"companyAdress":[],"TableLeft":[],"topVerify":[],"botVerify":[]}},"field_TableLeft":"Service Description quantity Total Amount\n\n","field_topVerify":"cab\n\nCPB SOFTWARE (GERMANY) GMBH\n\nIm Bruch 3, 63897 Miltenberg\nTelefon: +49 9371 9786 0\ngermany@cpb-software.com\nwww.cpb-software.com\n","field_botVerify":"This invoice is generated automatically and will not be signed\n","companyAdress":"CPB Software (Germany) GmbH - Im Bruch 3 - 63897 Miltenberg\/Main\n","result_fieldCoordinate":{"invoiceNumber":{"pages":"page_0","coordinate":[[82.7833131802,478.7317657118],[163.7669891173,510.767199658]]},"invoiceDate":{"pages":"page_0","coordinate":[[447.3898186215,477.2919709277],[565.4460217654,512.2069944421]]},"grossAMT":{"pages":"page_0","coordinate":[[292.9809431681,199.0516289012],[563.2864570738,215.9692176144]]},"companyAdress":{"pages":"page_0","coordinate":[[50.0299153567,665.9050876443],[280.7434099154,698.3004702864]]},"TableLeft":{"pages":"page_0","coordinate":[[56.8685368803,448.1361265498],[566.5258041112,471.8927404874]]},"topVerify":{"pages":"page_0","coordinate":[[331.1332527207,704.7795468149],[562.2066747279,826.802154767]]},"botVerify":{"pages":"page_0","coordinate":[[55.4288270859,88.1874305259],[280.7434099154,108.3445575032]]}},"rec_eff_dttm":"2025-01-08 14:27:02","rec_end_dttm":"9999-12-31 12:00:00"}
{"companyCD":"CD002","companyName":"YESLOGIC","pdf_x_size":595.2756,"pdf_y_size":841.8898,"numPage":1,"splitResult":["{'labelledFileName': ['sample_invoice_2_1_imagegrid_Grey.png'], 'FieldInfoDictCoor': [{'invoiceNumber': [(53.265289480048374, 543.1430988456606), (269.20565223700123, 557.5405302265925)], 'invoiceDate': [(50.74598524788392, 560.0600807182557), (297.99770060459497, 578.416805728944)], 'grossAMT': [(464.9915811366385, 458.9181252672082), (539.1311056831923, 481.95401547669945)], 'companyAdress': [(422.16340918984287, 667.3209445061992), (516.0974669891174, 725.9904773834973)], 'TableLeft': [(50.74598524788392, 497.07131842667803), (544.8895153567111, 525.1463096194955)], 'topVerify': [(58.663798548972196, 739.3081014108593), (149.71865151148734, 792.5785975203078)], 'botVerify': [(249.7710195888755, 45.35190884993587), (341.18577315598554, 85.66471671654553)]}]}"],"labelledIndexPage":[0],"CoordinateForSplitting":{"page_0":{"invoiceNumber":[[53.26528948,543.1430988457],[269.205652237,557.5405302266]],"invoiceDate":[[50.7459852479,560.0600807183],[297.9977006046,578.4168057289]],"grossAMT":[[464.9915811366,458.9181252672],[539.1311056832,481.9540154767]],"companyAdress":[[422.1634091898,667.3209445062],[516.0974669891,725.9904773835]],"TableLeft":[[50.7459852479,497.0713184267],[544.8895153567,525.1463096195]],"topVerify":[[58.663798549,739.3081014109],[149.7186515115,792.5785975203]],"botVerify":[[249.7710195889,45.3519088499],[341.185773156,85.6647167165]]}},"field_TableLeft":"Description From Until Amount\n\n","field_topVerify":"Invoice\n","field_botVerify":"www. yeslogic.com\n","companyAdress":"YesLogic Pty. Ltd.\n7 \/ 39 Bouverie St\nCarlton VIC 3053\nAustralia\n","result_fieldCoordinate":{"invoiceNumber":{"pages":"page_0","coordinate":[[53.26528948,543.1430988457],[269.205652237,557.5405302266]]},"invoiceDate":{"pages":"page_0","coordinate":[[50.7459852479,560.0600807183],[297.9977006046,578.4168057289]]},"grossAMT":{"pages":"page_0","coordinate":[[464.9915811366,458.9181252672],[539.1311056832,481.9540154767]]},"companyAdress":{"pages":"page_0","coordinate":[[422.1634091898,667.3209445062],[516.0974669891,725.9904773835]]},"TableLeft":{"pages":"page_0","coordinate":[[50.7459852479,497.0713184267],[544.8895153567,525.1463096195]]},"topVerify":{"pages":"page_0","coordinate":[[58.663798549,739.3081014109],[149.7186515115,792.5785975203]]},"botVerify":{"pages":"page_0","coordinate":[[249.7710195889,45.3519088499],[341.185773156,85.6647167165]]}},"rec_eff_dttm":"2025-01-08 14:27:02","rec_end_dttm":"9999-12-31 12:00:00"}
